time,seconds_elapsed,z,y,x
1783246391772013300,0.059013427734375,-0.0003341604024171829,-0.0035129839088767767,-0.001481878338381648
1783246391782025200,0.069025146484375,-0.00019913818687200546,0.0010266404133290052,0.0021916860714554787
1783246391792036400,0.079036376953125,0.000691716093569994,-0.00013164430856704712,0.0005772686563432217
1783246391802048500,0.089048583984375,-0.0003122955095022917,-0.0010911813005805016,0.00048032961785793304
1783246391812059400,0.099059326171875,-0.00037906249053776264,0.0011332901194691658,-0.0010335370898246765
1783246391822071300,0.1090712890625,-0.0010842673946172,0.0006110442336648703,0.00018565822392702103
1783246391832083500,0.11908349609375,-0.00012252898886799812,0.00033378798980265856,0.0005567125044763088
1783246391842094300,0.12909423828125,0.00024765031412243843,-0.0005873993504792452,-0.00048058899119496346
1783246391852106200,0.139106201171875,0.0006467232014983892,-0.00027336785569787025,-0.001476492965593934
1783246391862117400,0.149117431640625,0.0005761494394391775,-0.00030266260728240013,0.0000042244791984558105
1783246391872129500,0.159129638671875,0.0008405246771872044,-0.000020617619156837463,0.0011795577593147755
1783246391882140400,0.169140380859375,0.0008112296927720308,-0.00018626614473760128,0.00047674961388111115
1783246391892152300,0.17915234375,-0.00036358670331537724,-0.0007448464166373014,0.0005752714350819588
1783246391902164500,0.18916455078125,-0.00006211688742041588,-0.001958182780072093,-0.0009672313462942839
1783246391912175400,0.19917529296875,-0.0002802666276693344,0.0006931119132786989,0.00047161104157567024
1783246391922187300,0.209187255859375,0.00014903489500284195,-0.00004218681715428829,0.0005869260057806969
1783246391932198400,0.219198486328125,0.0008438506629317999,0.0012995137367397547,0.00006734346970915794
1783246391942210600,0.22921044921875,0.00013624876737594604,-0.00004857848398387432,0.000533396378159523
1783246391952222500,0.239222412109375,0.00036940211430191994,-0.000009165843948721886,0.0003715548664331436
1783246391962233300,0.2492333984375,-0.0007208960596472025,0.00045422406401485205,0.0006176307797431946
1783246391972245500,0.25924560546875,-0.000047990353778004646,-0.00022561685182154179,-0.0010722898878157139
1783246391982256400,0.26925634765625,0.00029475847259163857,0.001017546746879816,0.0006089638918638229
1783246391992268300,0.279268310546875,-0.0005433091428130865,-0.00006217183545231819,-0.00012447359040379524
1783246392002280400,0.289280517578125,0.0005603048484772444,0.0012078897561877966,-0.0005279425531625748
1783246392012291300,0.299291259765625,0.0004116592463105917,0.0010373409604653716,-0.0005826707929372787
1783246392022303200,0.30930322265625,0.0006473490502685308,0.0005798098864033818,-0.0007810764946043491
1783246392032314400,0.319314453125,-0.0011701260227710009,-0.000801311107352376,-0.0007615634240210056
1783246392042326500,0.329326416015625,-0.00006251735612750053,-0.0008990492206066847,0.00016921106725931168
1783246392052337400,0.33933740234375,-0.0005199157167226076,-0.0008207540959119797,0.000045720022171735764
1783246392062349300,0.349349365234375,0.0007312374655157328,-0.00008811848238110542,0.0008017914369702339
1783246392072361500,0.359361572265625,-0.0017299149185419083,0.00019098259508609772,0.0001817280426621437
1783246392082372400,0.369372314453125,-0.00030059623531997204,0.0007073695305734873,0.0004411200061440468
1783246392092384300,0.37938427734375,-0.0002540210261940956,0.0007801949977874756,0.0019755768589675426
1783246392102395400,0.3893955078125,0.0008416033815592527,0.00011706794612109661,0.0002788766287267208
1783246392112407600,0.399407470703125,0.0001571762841194868,0.0002571501536294818,-0.0013118293136358261
1783246392122419500,0.40941943359375,-0.00028437585569918156,-0.000545792980119586,-0.0005847862921655178
1783246392132430300,0.419430419921875,-0.002047005807980895,-0.0013707070611417294,0.0003078901208937168
1783246392142442500,0.4294423828125,0.0005290699191391468,0.0003241287777200341,-0.0003491118550300598
1783246392152453400,0.439453369140625,0.0013212512712925673,0.00013336678966879845,-0.0005993824452161789
1783246392162465300,0.44946533203125,-0.00022205058485269547,-0.0012093991972506046,0.00015162909403443336
1783246392172477400,0.4594775390625,-0.0005499615799635649,-0.0006029868964105844,0.001370627898722887
1783246392182488300,0.46948828125,0.0013438123278319836,0.0007469695992767811,-0.0013804174959659576
1783246392192500500,0.47950048828125,-0.00042812665924429893,-0.0019462876953184605,0.0012705707922577858
1783246392202511400,0.489511474609375,0.0005306112580001354,0.00003829994238913059,0.0005877362564206123
1783246392212523500,0.4995234375,0.00026361411437392235,-0.00040742382407188416,-0.00022127991542220116
1783246392222534400,0.509534423828125,-0.0015806248411536217,0.0011345463572070003,-0.0013619118835777044
1783246392232546300,0.51954638671875,0.00020636152476072311,0.0012932270765304565,0.0004158155061304569
1783246392242558500,0.529558349609375,-0.0015598470345139503,-0.00017417478375136852,-0.0003583654761314392
1783246392252569300,0.5395693359375,0.00035847187973558903,-0.0010082146618515253,0.0005134865641593933
1783246392262581200,0.549581298828125,0.0012591528939083219,0.0008381549268960953,0.0010575703345239162
1783246392272592400,0.55959228515625,-0.0001707978080958128,0.0005437086801975965,0.00040995562449097633
1783246392282604500,0.5696044921875,-0.0003297885414212942,-0.00011489121243357658,-0.00027607474476099014
1783246392292616400,0.579616455078125,-0.0005020990502089262,0.0009674606844782829,-0.0011925108265131712
1783246392302627300,0.58962744140625,0.00004917522892355919,0.00014214706607162952,0.0010048635303974152
1783246392312639500,0.599639404296875,-0.0009591905400156975,0.0007938386406749487,0.001547092106193304
1783246392322650400,0.609650390625,-0.0006300238892436028,-0.0005603786557912827,-0.00012910133227705956
1783246392332662300,0.619662353515625,-0.0011207908391952515,-0.001066163182258606,-0.0001458856277167797
1783246392342674400,0.62967431640625,0.0010571423918008804,0.0018031266517937183,-0.0002904953435063362
1783246392352685600,0.639685546875,0.0016053024446591735,0.00039813376497477293,0.00047776801511645317
1783246392362697500,0.649697509765625,0.0008894447237253189,-0.000609872629866004,-0.0012383728753775358
1783246392372708400,0.659708251953125,0.0000034852419048547745,-0.0001745999325066805,0.00037831440567970276
1783246392382720500,0.669720458984375,-0.0010902751237154007,-0.00026248442009091377,-0.00022728834301233292
1783246392392731400,0.6797314453125,0.00012444006279110909,0.0002801857190206647,-0.000004347413778305054
1783246392402743300,0.689743408203125,0.0007308416534215212,-0.0014016004279255867,-0.00008397595956921577
1783246392412755500,0.69975537109375,0.0006620306521654129,0.0019089377019554377,-0.00005638599395751953
1783246392422766300,0.709766357421875,0.0005890598986297846,-0.0007523591630160809,-0.0011352323926985264
1783246392432778200,0.7197783203125,0.0010888115502893925,0.0023800882045179605,0.0013548252172768116
1783246392442789400,0.729789306640625,0.0003234189935028553,-0.0015302312094718218,-0.0013062055222690105
1783246392452801500,0.739801513671875,-0.0012055698316544294,0.0008405196713283658,0.0007980149239301682
1783246392462813400,0.7498134765625,-0.0002510927151888609,0.0000021564774215221405,0.0006968150846660137
1783246392472824300,0.75982421875,0.0007824413478374481,-0.0015158331952989101,-0.001026735408231616
1783246392482836500,0.76983642578125,-0.00012170197442173958,-0.0010915915481746197,0.0011416105553507805
1783246392492847400,0.779847412109375,-0.0006688428111374378,0.0027206784579902887,0.00035007204860448837
1783246392502859300,0.789859375,0.0006113385315984488,-0.00150655722245574,0.0015700659714639187
1783246392512871400,0.799871337890625,-0.00033311755396425724,-0.0004660871345549822,0.00018353015184402466
1783246392522882600,0.809882568359375,-0.002252990612760186,0.0033230583649128675,0.0013814200647175312
1783246392532894500,0.81989453125,0.0001564989797770977,0.000920135760679841,-0.0002827378921210766
1783246392542905300,0.8299052734375,0.0005013782065361738,-0.0034378611017018557,-0.001549337524920702
1783246392552917500,0.83991748046875,0.0004758564755320549,0.0005002921679988503,-0.00098600541241467
1783246392562929400,0.849929443359375,-0.00048394687473773956,0.001430800650268793,-0.0006049070507287979
1783246392572939500,0.859939453125,-0.000051753828302025795,-0.0026694266125559807,0.00011791149154305458
1783246392582951700,0.86995166015625,-0.0009005030151456594,-0.0005633991677314043,0.0015211310237646103
1783246392592962800,0.879962890625,-0.0027759240474551916,0.0016411690739914775,0.00008167186751961708
1783246392602974700,0.889974609375,-0.0007718952838331461,0.00008854619227349758,0.000036664772778749466
1783246392612985600,0.899985595703125,-0.0005987267941236496,-0.00041659618727862835,-0.0009969589300453663
1783246392622997800,0.909997802734375,-0.00017315358854830265,0.0006433419184759259,0.000244074035435915
1783246392633009700,0.920009765625,-0.001011876855045557,-0.00019794120453298092,-0.00017398595809936523
1783246392643020500,0.9300205078125,-0.0008805827237665653,0.0006356282392516732,0.0017743827775120735
1783246392653032700,0.94003271484375,0.00031101820059120655,-0.0002469569444656372,-0.000051126815378665924
1783246392663043800,0.9500439453125,0.0003680097870528698,-0.000293562188744545,0.0008610058575868607
1783246392673055700,0.9600556640625,0.0003005831968039274,0.0008206311613321304,-0.000014767516404390335
1783246392683068000,0.97006787109375,0.00017754500731825829,0.0007583132246509194,-0.0011434152256697416
1783246392693078800,0.980078857421875,0.0009440728463232517,0.0009030369110405445,0.0006122584454715252
1783246392703090700,0.990090576171875,-0.00029376428574323654,-0.0008687640074640512,0.0007494110614061356
1783246392713101600,1.0001015625,0.0005647838115692139,-0.0005297255702316761,-0.0006094244308769703
1783246392723113700,1.01011376953125,-0.0008970249909907579,0.0006921327440068126,-0.0009122258052229881
1783246392733125600,1.020125732421875,0.0007013564463704824,0.0007567164720967412,-0.0003795153461396694
1783246392743136800,1.03013671875,0.00023876549676060677,-0.0012230775319039822,-0.0009406434837728739
1783246392753148700,1.040148681640625,-0.0006885849870741367,0.0009583011269569397,0.0005619586445391178
1783246392763159800,1.050159912109375,0.0006986556109040976,0.00028585304971784353,0.0019934074953198433
1783246392773171700,1.060171630859375,-0.000052605289965867996,-0.0010740731377154589,0.00046103261411190033
1783246392783182600,1.0701826171875,0.0002794908359646797,0.0001256810501217842,0.0005904622375965118
1783246392793194800,1.08019482421875,-0.0007985988631844521,0.0002546978648751974,0.0008368338458240032
1783246392803206700,1.09020654296875,0.0009257982019335032,-0.0006877947598695755,-0.0014652025420218706
1783246392813217500,1.100217529296875,0.0005304561927914619,0.00045157806016504765,0.00026375986635684967
1783246392823229700,1.110229736328125,0.0004676056560128927,0.00033280113711953163,0.0006115688011050224
1783246392833240800,1.12024072265625,0.0006599349435418844,0.0007168481824919581,-0.0026234639808535576
1783246392843252700,1.130252685546875,-0.0013592736795544624,0.0003895456902682781,0.0003435639664530754
1783246392853265000,1.140264892578125,-0.000405625905841589,0.0018372320337221026,-0.0005451603792607784
1783246392863275800,1.15027587890625,0.0002902580890804529,-0.0007862478960305452,-0.0009624776430428028
1783246392873287700,1.16028759765625,0.0009224081877619028,-0.000474022701382637,0.0011784415692090988
1783246392883298600,1.170298583984375,0.000029183924198150635,-0.0010868161916732788,0.0002090507186949253
1783246392893310700,1.180310791015625,0.0010752321686595678,-0.0007070514839142561,0.00027295900508761406
1783246392903322600,1.190322509765625,0.00023553729988634586,-0.0012708427384495735,0.00023434311151504517
1783246392913333800,1.200333740234375,0.0008352939039468765,0.0005420944653451443,0.00024447962641716003
1783246392923346000,1.210345947265625,-0.000222513685002923,0.000937041244469583,0.0006335675716400146
1783246392933356800,1.220356689453125,0.0005560643039643764,-0.0001660236157476902,-0.0009269372094422579
1783246392943368700,1.23036865234375,0.0007502087391912937,0.00002226186916232109,0.00033460231497883797
1783246392953379600,1.240379638671875,0.0019427429651841521,0.0013360751327127218,0.0007099495269358158
1783246392963391700,1.250391845703125,0.0010234196670353413,-0.0006375934462994337,-0.001108190743252635
1783246392973403600,1.260403564453125,0.0013205846771597862,0.00007552164606750011,-0.00018237391486763954
1783246392983414500,1.27041455078125,0.0005663775373250246,0.002090469468384981,0.0003108433447778225
1783246392993426700,1.2804267578125,0.0009301360696554184,-0.00012535648420453072,-0.00032680947333574295
1783246393003437800,1.290437744140625,0.0005754029843956232,-0.0015568055678158998,0.0011493805795907974
1783246393013449700,1.30044970703125,0.00023230351507663727,-0.00000942358747124672,-0.0013609370216727257
1783246393023461600,1.310461669921875,-0.0016409640666097403,0.0014329444384202361,0.000598883256316185
1783246393033472800,1.32047265625,0.0008177019190043211,-0.0005439070519059896,0.00006295694038271904
1783246393043484700,1.330484619140625,0.00011116522364318371,-0.00024749734438955784,0.0005971868522465229
1783246393053495600,1.34049560546875,-0.00010994379408657551,-0.0013170954771339893,0.0009852857328951359
1783246393063507700,1.3505078125,0.0011891461908817291,0.0006672258023172617,0.0011405483819544315
1783246393073519600,1.36051953125,-0.0006303261034190655,0.0005214238772168756,-0.0004948526620864868
1783246393083530800,1.37053076171875,0.00043733534403145313,0.00007268134504556656,0.0008095637895166874
1783246393093543000,1.38054296875,0.00022370228543877602,0.0006634476594626904,0.0013867942616343498
1783246393103553800,1.3905537109375,0.0002719054464250803,-0.00020048185251653194,0.0005012932233512402
1783246393113565700,1.400565673828125,-0.00025205756537616253,0.0010959416395053267,-0.0013084642123430967
1783246393123576600,1.41057666015625,0.001233986346051097,0.0007856832817196846,0.00012138718739151955
1783246393133588700,1.420588623046875,0.0004764408804476261,0.0007514855824410915,0.0011423062533140182
1783246393143600600,1.4306005859375,-0.0006032045930624008,-0.00033188844099640846,-0.0002806205302476883
1783246393153611800,1.44061181640625,-0.00040620099753141403,-0.0014886879362165928,0.0004832088015973568
1783246393163624000,1.4506240234375,0.0002976725809276104,0.0003092121332883835,-0.0009559635072946548
1783246393173634800,1.460634765625,0.00008506583981215954,0.0002689054235816002,0.0005210041999816895
1783246393183646700,1.470646728515625,-0.00028218398801982403,-0.00012444332242012024,-0.0008976615499705076
1783246393193658600,1.48065869140625,0.0009165080264210701,-0.001688241958618164,-0.0004789414815604687
1783246393203669800,1.490669677734375,0.0006962644401937723,-0.000024565262719988823,0.00011121481657028198
1783246393213681700,1.500681640625,-0.0008385255932807922,0.0009351501939818263,-0.00023553567007184029
1783246393223692500,1.510692626953125,0.0007918616756796837,0.0015133225824683905,-0.000042722560465335846
1783246393233704700,1.52070458984375,0.0008552966173738241,0.00021274620667099953,-0.0019452804699540138
1783246393243715800,1.5307158203125,0.0004265278112143278,-0.00037261657416820526,-0.000826752744615078
1783246393253727700,1.540727783203125,0.0011260542087256908,-0.0005481026601046324,-0.0007967767305672169
1783246393263739600,1.55073974609375,0.0013830492971464992,0.00046869227662682533,-0.0007746727205812931
1783246393273750800,1.560750732421875,0.00031013996340334415,0.0010274883825331926,-0.00037913769483566284
1783246393283762700,1.5707626953125,0.00043983571231365204,-0.00011926866136491299,-0.0002584964968264103
1783246393293773600,1.580773681640625,-0.00027046515606343746,-0.00025777402333915234,-0.00051115732640028
1783246393303785700,1.59078564453125,-0.0015692890156060457,0.0007467704126611352,-0.0008224807679653168
1783246393313797600,1.600797607421875,0.00026506814174354076,-0.00039270101115107536,-0.0004044189117848873
1783246393323808800,1.610808837890625,0.00001180148683488369,0.0002637682482600212,-0.0009652804583311081
1783246393333820700,1.620820556640625,0.000480536837130785,0.0005025863647460938,-0.0007788287475705147
1783246393343831800,1.630831787109375,-0.00019670510664582253,0.00002321740612387657,0.0007261233404278755
1783246393353843700,1.64084375,-0.0000596602912992239,0.00001696939580142498,0.0003281557001173496
1783246393363855600,1.650855712890625,-0.0008338410407304764,-0.00018756138160824776,0.0011774380691349506
1783246393373866800,1.66086669921875,0.0003261212259531021,-0.00004623737186193466,-0.0008980603888630867
1783246393383878700,1.670878662109375,-0.0009354180656373501,0.00014950509648770094,-0.0004125661216676235
1783246393393889800,1.680889892578125,0.0005413377657532692,0.0004774936242029071,-0.00048466818407177925
1783246393403901700,1.690901611328125,0.000007640337571501732,0.0007595224305987358,-0.0013422057963907719
1783246393413912800,1.700912841796875,0.0007948784623295069,0.0011555833043530583,-0.0007364773191511631
1783246393423924700,1.7109248046875,0.0007362889591604471,-0.0011373984161764383,-0.001538887619972229
1783246393433936600,1.7209365234375,-0.00003416696563363075,0.00015111593529582024,-0.0009230133146047592
1783246393443947800,1.73094775390625,0.000014835270121693611,-0.00021480233408510685,0.0010834122076630592
1783246393453959700,1.740959716796875,0.0004964922554790974,-0.0007066053804010153,0.001073341816663742
1783246393463970600,1.750970458984375,0.0005979586858302355,-0.00003149406984448433,-0.00011016707867383957
1783246393473982700,1.760982666015625,-0.001031922409310937,0.0007533821044489741,0.0011965218000113964
1783246393483994600,1.77099462890625,-0.0006279211957007647,-0.000360085628926754,-0.00003385823220014572
1783246393494005800,1.781005859375,-0.0005105822347104549,0.0004429543623700738,-0.00032409001141786575
1783246393504017700,1.791017578125,-0.000501527450978756,-0.00035146670415997505,0.00015234947204589844
1783246393514028800,1.80102880859375,-0.0005962187424302101,0.0002735655289143324,0.00044527603313326836
1783246393524040700,1.811040771484375,0.0002991361543536186,-0.0007118040230125189,0.00003781262785196304
1783246393534052600,1.821052490234375,-0.0009555874858051538,0.0016472653951495886,0.00009851669892668724
1783246393544063700,1.831063720703125,-0.000528416596353054,-0.000021471409127116203,0.0004878710024058819
1783246393554075600,1.84107568359375,-0.0007552115712314844,-0.0002432623878121376,0.0005108979530632496
1783246393564086800,1.851086669921875,-0.0008806465193629265,-0.0010161118116229773,0.00026295753195881844
1783246393574099000,1.861098876953125,-0.000926680862903595,0.0014836217742413282,0.00019808951765298843
1783246393584110300,1.8711103515625,0.0004946484696120024,-0.00020082760602235794,-0.00009965198114514351
1783246393594122200,1.881122314453125,-0.00005016336217522621,-0.0005183515604585409,-0.0005166796036064625
1783246393604134100,1.891134033203125,-0.0004048964474350214,0.00048566004261374474,-0.0004458394832909107
1783246393614145000,1.90114501953125,0.00010584783740341663,0.00007896521128714085,0.00022137677296996117
1783246393624157200,1.9111572265625,-0.0010616818908602,0.00013169576413929462,0.0008389637805521488
1783246393634168000,1.92116796875,0.001121835084632039,0.00033681595232337713,0.0001484430395066738
1783246393644180000,1.931179931640625,0.0004413975402712822,0.0004017971223220229,-0.000175397377461195
1783246393654192000,1.941192138671875,-0.0020843041129410267,-0.0003681045491248369,0.00029687490314245224
1783246393664203300,1.951203369140625,-0.0005527201574295759,-0.000746539793908596,0.0003892863169312477
1783246393674215200,1.961215087890625,0.0007484285160899162,0.0007988347206264734,-0.000585298053920269
1783246393684226000,1.97122607421875,0.000025114044547080994,0.00016713293734937906,-0.0002673165872693062
1783246393694238200,1.98123828125,0.0005280773621052504,-0.00008436408825218678,-0.0009081941097974777
1783246393704250000,1.99125,0.00029212143272161484,-0.00021991878747940063,0.001072398852556944
1783246393714261000,2.001260986328125,0.0002308487892150879,-0.00016096956096589565,0.000943467952311039
1783246393724273200,2.011273193359375,0.0005802554078400135,-0.0007705672178417444,0.0012350836768746376
1783246393734284300,2.0212841796875,0.0017632070230320096,0.00013189786113798618,0.0006234953179955482
1783246393744296200,2.031296142578125,0.00023322110064327717,-0.00011550984345376492,0.0010703736916184425
1783246393754307300,2.041307373046875,0.0006353827193379402,0.0008891159668564796,-0.0004102978855371475
1783246393764319200,2.0513193359375,0.0009352546185255051,0.001160491956397891,0.001374819315969944
1783246393774331100,2.0613310546875,0.00033296667970716953,-0.00046542752534151077,-0.0019459566101431847
1783246393784342000,2.071342041015625,-0.0007272376678884029,0.00031967228278517723,0.0006634085439145565
1783246393794354200,2.081354248046875,0.000027431640774011612,0.00026899296790361404,-0.0006768782623112202
1783246393804365000,2.091364990234375,-0.0005595290567725897,-0.0002849444281309843,-0.0008446576539427042
1783246393814377000,2.101376953125,0.0011973113287240267,0.0006272046593949199,-0.00043812859803438187
1783246393824389000,2.11138916015625,0.000052152201533317566,-0.000952848931774497,-0.00009910808876156807
1783246393834400300,2.121400146484375,-0.0003664244432002306,0.0008370400173589587,-0.00024910643696784973
1783246393844412200,2.131412109375,-0.0009291502647101879,0.0001946856500580907,-0.001659782836213708
1783246393854423000,2.141423095703125,-0.00020001712255179882,-0.0003597221802920103,0.00010929815471172333
1783246393864435200,2.151435302734375,0.00009586010128259659,0.00007996568456292152,-0.000023327302187681198
1783246393874446000,2.161446044921875,0.0005318049807101488,-0.0005404842086136341,-0.0006725629791617393
1783246393884458000,2.1714580078125,0.0007475211750715971,0.00026032840833067894,-0.0007122443057596684
1783246393894470100,2.18147021484375,-0.00035013817250728607,0.000688082305714488,0.00014583393931388855
1783246393904481300,2.191481201171875,-0.0002742381766438484,0.0001847448293119669,-0.0004941239021718502
1783246393914493200,2.2014931640625,-0.00016519264318048954,0.0003413381054997444,0.00010392488911747932
1783246393924504000,2.211504150390625,0.0006571915000677109,0.00021403899881988764,-0.0008931625634431839
1783246393934516200,2.22151611328125,0.00003962335176765919,0.001175929675810039,0.00019905949011445045
1783246393944528100,2.231528076171875,-0.0017558797262609005,0.000004937639459967613,-0.0012419770937412977
1783246393954539000,2.2415390625,0.00010535493493080139,-0.0009487352799624205,0.0004078466445207596
1783246393964551200,2.25155126953125,-0.0005942573770880699,-0.0019575408659875393,0.00041343923658132553
1783246393974562000,2.26156201171875,-0.0005120462737977505,0.0005728908581659198,-0.001797591568902135
1783246393984574000,2.271573974609375,-0.0011645208578556776,0.0008892744081094861,-0.0003051562234759331
1783246393994586000,2.281586181640625,0.000051815295591950417,-0.0004844937939196825,0.0005761729553341866
1783246394004597200,2.29159716796875,-0.001296809408813715,0.0009488195646554232,0.0005713794380426407
1783246394014609200,2.301609130859375,0.000014169374480843544,-0.0004620663821697235,-0.0005585541948676109
1783246394024620000,2.3116201171875,-0.0011568227782845497,0.00033901247661560774,-0.0004014279693365097
1783246394034632200,2.321632080078125,-0.0007050116546452045,-0.0012008128687739372,0.00042868219316005707
1783246394044643000,2.33164306640625,0.0010737136472016573,-0.0004231699276715517,0.00020550936460494995
1783246394054655000,2.341655029296875,0.0013234890066087246,-0.0013298827689141035,0.00011174101382493973
1783246394064667100,2.351667236328125,0.0001714054960757494,0.001146857044659555,0.0002917707897722721
1783246394074678300,2.36167822265625,0.0006921051535755396,-0.0014917368534952402,-0.0017192852683365345
1783246394084690200,2.371690185546875,0.0004175333306193352,0.000028928043320775032,0.0012245727702975273
1783246394094701000,2.381701171875,0.001724212197586894,0.00056756183039397,0.0005017654038965702
1783246394104713200,2.391713134765625,0.00047092861495912075,-0.00024283817037940025,0.0004722042940557003
1783246394114725000,2.40172509765625,0.0002230003010481596,0.0009603569051250815,0.00030240416526794434
1783246394124736000,2.411736083984375,-0.00020443694666028023,-0.0017004073597490788,-0.0001561921089887619
1783246394134748200,2.421748046875,0.000500860158354044,-0.0018082354217767715,-0.00045593269169330597
1783246394144759300,2.43175927734375,0.0007770298980176449,-0.0008100827690213919,-0.0008404932450503111
1783246394154771200,2.441771240234375,0.0011808187700808048,-0.0012716117780655622,-0.0013334949035197496
1783246394164783400,2.451783447265625,0.000436997739598155,-0.0005975656677037477,-0.0008810239378362894
1783246394174794200,2.461794189453125,0.00017149560153484344,0.00031105976086109877,0.00010680872946977615
1783246394184806100,2.47180615234375,-0.00008203741163015366,-0.0002926788292825222,0.0006383755244314671
1783246394194817000,2.481817138671875,-0.00022674142383038998,0.00012930529192090034,0.00024860166013240814
1783246394204829200,2.4918291015625,-0.0003114298451691866,0.0002219832967966795,0.000014243647456169128
1783246394214840000,2.501840087890625,-0.0002889994066208601,-0.00011561950668692589,-0.002010397147387266
1783246394224852000,2.51185205078125,0.000618605874478817,-0.0013710337225347757,0.0006461059674620628
1783246394234864000,2.521864013671875,0.0007499167695641518,-0.00025947694666683674,-0.0004811696708202362
1783246394244875300,2.531875244140625,-0.0009779422543942928,0.0012516006827354431,-0.0014202003367245197
1783246394254887200,2.54188720703125,-0.0004735710099339485,-0.00003662006929516792,-0.0006250129081308842
1783246394264898000,2.55189794921875,0.0009070117957890034,-0.00067338184453547,-0.00011714780703186989
1783246394274910200,2.56191015625,-0.0005665251519531012,0.0007520290091633797,-0.0013073654845356941
1783246394284922000,2.571922119140625,-0.00023735850118100643,0.0004143401747569442,0.001064712181687355
1783246394294933000,2.58193310546875,-0.0005034103523939848,-0.0006040765438228846,-0.0008727163076400757
1783246394304945200,2.591945068359375,-0.0007590737659484148,0.0003775646910071373,0.001020524650812149
1783246394314956300,2.601956298828125,0.00029599154368042946,0.0004591213073581457,-0.0021457623224705458
1783246394324968200,2.61196826171875,-0.00024356483481824398,-0.0004783114418387413,-0.00003014691174030304
1783246394334980400,2.62198046875,-0.00015665404498577118,0.0002800482325255871,-0.0005295374430716038
1783246394344991200,2.6319912109375,-0.0005073922220617533,0.00022918195463716984,-0.001422495348379016
1783246394355003100,2.642003173828125,0.001038979273289442,0.0003074993146583438,0.0007991837337613106
1783246394365014000,2.652013916015625,0.000822198111563921,0.0003138909814879298,-0.0008096322417259216
1783246394375026200,2.662026123046875,-0.0014480848331004381,0.0002339300699532032,-0.0016050988342612982
1783246394385037000,2.672037109375,-0.0007082589436322451,-0.00038658641278743744,-0.00014328956604003906
1783246394395049200,2.68204931640625,-0.000013329088687896729,-0.00005003251135349274,-0.00016815261915326118
1783246394405061000,2.69206103515625,-0.000005339505150914192,0.0007079030619934201,0.00010135909542441368
1783246394415072300,2.702072265625,-0.0005702315829694271,0.0003265893319621682,-0.00003166636452078819
1783246394425084200,2.712084228515625,0.00042872014455497265,-0.0016100613866001368,0.00030176108703017235
1783246394435095000,2.722094970703125,0.00028915051370859146,-0.00009313412010669708,0.00007341336458921432
1783246394445107200,2.732107177734375,-0.001665609423071146,0.0006562793860211968,0.0013317568227648735
1783246394455119000,2.742119140625,-0.0007758918218314648,-0.000056884484365582466,0.00039801280945539474
1783246394465130000,2.7521298828125,0.0010667494498193264,-0.0010078991763293743,-0.0009812384378165007
1783246394475142100,2.76214208984375,-0.00048686377704143524,0.0007483098888769746,-0.0007449141703546047
1783246394485153300,2.7721533203125,0.000014875782653689384,-0.00010842899791896343,0.0013912073336541653
1783246394495165200,2.782165283203125,-0.0011977895628660917,-0.0021167166996747255,0.00010169437155127525
1783246394505177300,2.79217724609375,0.0008256803266704082,-0.00023412820883095264,-0.0014988654293119907
1783246394515188200,2.802188232421875,0.0008140332065522671,-0.0008976438548415899,0.0001889229752123356
1783246394525200100,2.8122001953125,-0.0004573599435389042,-0.0006582257337868214,-0.00038978178054094315
1783246394535211000,2.8222109375,0.0011654316913336515,0.0006880100117996335,-0.00010478170588612556
1783246394545223200,2.83222314453125,0.00023865164257586002,-0.0009658129420131445,0.0002483534626662731
1783246394555234300,2.842234375,0.00013253698125481606,-0.0010178002994507551,-0.0005535157397389412
1783246394565246200,2.85224609375,0.0002675591967999935,-0.00044974801130592823,-0.0008898728992789984
1783246394575257900,2.8622578125,0.000717290909960866,0.00014577573165297508,-0.00007406342774629593
1783246394585268700,2.872268798828125,0.0007825384382158518,0.0001718748826533556,-0.0008383907843381166
1783246394595281000,2.882281005859375,0.00047297985292971134,-0.00014377268962562084,0.0003657303750514984
1783246394605291800,2.892291748046875,-0.00004287436604499817,0.00023359735496342182,-0.001495020231232047
1783246394615303700,2.9023037109375,-0.0001888123806566,-0.001152382930740714,0.001216087955981493
1783246394625315600,2.912315673828125,-0.000891354400664568,0.00001860898919403553,-0.0007748911157250404
1783246394635327000,2.922326904296875,-0.0006356500089168549,0.0005746618844568729,-0.0014957271050661802
1783246394645339000,2.9323388671875,0.00024798675440251827,-0.0017872957978397608,0.00033146748319268227
1783246394655349800,2.942349853515625,-0.00017679575830698013,-0.00009736348874866962,-0.001092041376978159
1783246394665362000,2.95236181640625,0.0014139103004708886,-0.00023611425422132015,0.0010874895378947258
1783246394675373800,2.962373779296875,-0.000866228248924017,0.0007934564491733909,0.00020276010036468506
1783246394685384700,2.972384765625,-0.00017567048780620098,-0.0006558357272297144,-0.0004686228930950165
1783246394695396600,2.982396728515625,0.0009900929871946573,-0.00028179516084492207,-0.00005306210368871689
1783246394705407700,2.99240771484375,-0.0005646604113280773,0.000254299258813262,-0.0009404271841049194
1783246394715419600,3.002419677734375,-0.00024493830278515816,0.00018448056653141975,-0.0005334555171430111
1783246394725430800,3.0124306640625,0.00018915673717856407,0.0003458680585026741,0.0013611172325909138
1783246394735443000,3.02244287109375,-0.0000063297338783741,-0.0009615318849682808,0.0005059614777565002
1783246394745454800,3.032454833984375,0.00020379363559186459,0.000019842758774757385,-0.0004027090035378933
1783246394755465700,3.0424658203125,-0.0006654693279415369,0.001097714644856751,0.0003211461007595062
1783246394765478000,3.052477783203125,-0.000008467352017760277,0.0007895869202911854,0.0010721571743488312
1783246394775488800,3.06248876953125,-0.000014592893421649933,-0.0005373680032789707,-0.0006663789972662926
1783246394785500700,3.072500732421875,-0.00106840580701828,-0.0008944980800151825,-0.0010765059851109982
1783246394795512600,3.0825126953125,0.00041687279008328915,0.00006936630234122276,0.0012000780552625656
1783246394805524000,3.09252392578125,-0.0010739646386355162,0.00043342041317373514,-0.0011871794704347849
1783246394815535900,3.102535888671875,-0.0010974016040563583,0.000273663317784667,0.00042673153802752495
1783246394825546800,3.112546630859375,0.000034175580367445946,-0.00040810601785779,-0.0005439906381070614
1783246394835559000,3.122558837890625,-0.000940907746553421,-0.00014051375910639763,0.00047532375901937485
1783246394845569800,3.13256982421875,-0.0019361311569809914,0.0021415490191429853,-0.00015398114919662476
1783246394855581700,3.142581787109375,0.00015458278357982635,-0.0004930072464048862,0.0000628703273832798
1783246394865593600,3.152593505859375,-0.00001985440030694008,-0.0007824928034096956,0.00022532325237989426
1783246394875605000,3.16260498046875,0.0003386882599443197,0.00031687342561781406,-0.0011433069594204426
1783246394885617000,3.172616943359375,-0.0009612005669623613,0.00025482173077762127,-0.0012053584214299917
1783246394895627800,3.182627685546875,0.0016950267599895597,-0.0006970670074224472,-0.0006819250993430614
1783246394905640000,3.192639892578125,-0.0010781229939311743,-0.0003279529046267271,-0.0006419774144887924
1783246394915651800,3.20265185546875,0.000594552606344223,0.0008902443805709481,0.00009389407932758331
1783246394925662700,3.212662841796875,-0.00018335669301450253,0.0008313885191455483,-0.00093435263261199
1783246394935674600,3.222674560546875,-0.0018672160804271698,0.001089619006961584,-0.0007648677565157413
1783246394945685800,3.232685791015625,-0.0005308419931679964,-0.00009175925515592098,-0.0008825794793665409
1783246394955697700,3.24269775390625,0.0017704176716506481,-0.0002831274177879095,-0.0008745172526687384
1783246394965709600,3.25270947265625,0.0005379067733883858,-0.0005989782512187958,0.0008509447798132896
1783246394975721000,3.262720947265625,-0.0005186211783438921,-0.0002363028470426798,-0.000047330278903245926
1783246394985732900,3.27273291015625,0.0006899212021380663,0.000038002850487828255,0.000003269873559474945
1783246394995743700,3.28274365234375,0.0009118732996284962,-0.00004115048795938492,-0.0010206494480371475
1783246395005755600,3.292755615234375,0.0003376957029104233,0.0006470102816820145,0.0005761818028986454
1783246395015766800,3.302766845703125,-0.00003176601603627205,0.0003081255126744509,0.0006961533799767494
1783246395025778700,3.31277880859375,-0.0010925030801445246,-0.0005574016831815243,-0.00026178592815995216
1783246395035790600,3.32279052734375,0.0004021208733320236,-0.00024300185032188892,-0.0002884436398744583
1783246395045802000,3.332802001953125,0.00041676824912428856,-0.00021956604905426502,0.00039013009518384933
1783246395055814000,3.34281396484375,-0.0002999266143888235,0.0010216431692242622,-0.0008511065971106291
1783246395065824800,3.35282470703125,0.00040847412310540676,0.0014133942313492298,-0.0006311293691396713
1783246395075837000,3.3628369140625,-0.0013076255563646555,0.00010915636084973812,0.0008003967814147472
1783246395085848800,3.372848876953125,0.0008668452501296997,0.0008156930562108755,-0.00021906103938817978
1783246395095859700,3.382859619140625,-0.00026929122395813465,-0.0007634160574525595,-0.0008442194666713476
1783246395105871600,3.39287158203125,-0.00007488043047487736,0.0011852188035845757,-0.0002548620104789734
1783246395115882800,3.4028828125,-0.001409498043358326,0.0005299544427543879,0.0009576710872352123
1783246395125895000,3.41289501953125,0.0005572463851422071,0.00006256974302232265,0.0007456834428012371
1783246395135905800,3.42290576171875,0.0006205565296113491,0.00038011244032531977,0.00016416888684034348
1783246395145918000,3.43291796875,0.0016432104166597128,-0.0010361566673964262,0.0005247611552476883
1783246395155929900,3.442929931640625,-0.0004303217865526676,0.0015840460546314716,0.0005008191801607609
1783246395165940700,3.452940673828125,0.0012823569122701883,0.0005435490747913718,0.0014070929028093815
1783246395175952600,3.46295263671875,-0.0008681053295731544,0.00020645675249397755,-0.00037910090759396553
1783246395185963800,3.4729638671875,0.00046880170702934265,0.0004927465924993157,0.0017053554765880108
1783246395195975700,3.4829755859375,0.0015185028314590454,0.0003705377457663417,0.0009399177506566048
1783246395205987600,3.492987548828125,0.0013533869059756398,0.00021634064614772797,0.0010171495378017426
1783246395215999000,3.5029990234375,0.0003672502934932709,-0.0010957764461636543,-0.0002334066666662693
1783246395226011000,3.513010986328125,-0.000601873965933919,0.0004933318123221397,-0.0015247734263539314
1783246395236021800,3.523021728515625,-0.001396791310980916,-0.00086435885168612,-0.0001437123864889145
1783246395246033700,3.53303369140625,0.0000543652568012476,0.0008448577718809247,0.0010848036035895348
1783246395256045800,3.5430458984375,-0.00009734160266816616,0.0002781134098768234,-0.0012072178069502115
1783246395266056700,3.553056640625,-0.00046938518062233925,-0.0017118006944656372,-0.00010280497372150421
1783246395276068600,3.563068603515625,-0.0013689801562577486,-0.0014435832854360342,0.0009765750728547573
1783246395286080000,3.573080078125,-0.00029865559190511703,-0.0004792527761310339,0.001053806859999895
1783246395296092000,3.583091796875,-0.00015579885803163052,0.0007215338991954923,0.0010659522376954556
1783246395306102800,3.593102783203125,0.0006937494035810232,0.00010953960008919239,0.0004915082827210426
1783246395316114700,3.60311474609375,-0.0010885682422667742,0.0003371856873854995,-0.00026904651895165443
1783246395326126800,3.613126953125,-0.00021904637105762959,-0.0007190238684415817,0.0010545449331402779
1783246395336137700,3.6231376953125,0.0019859413150697947,0.000007016584277153015,0.0005633779801428318
1783246395346149600,3.633149658203125,0.0005550249479711056,-0.0004760806914418936,-0.00011519575491547585
1783246395356160800,3.643160888671875,-0.0003823826555162668,-0.0005595546681433916,0.0003952919505536556
1783246395366172700,3.653172607421875,0.0007031217683106661,-0.0009044341277331114,0.00015400955453515053
1783246395376184600,3.6631845703125,0.0008095006924122572,-0.00035218079574406147,0.0008974620141088963
1783246395386196000,3.673196044921875,0.00006967457011342049,0.001737335231155157,0.00020211050286889076
1783246395396207900,3.683207763671875,-0.0002532009966671467,0.0006758817471563816,0.0006218790076673031
1783246395406218800,3.69321875,0.0014629398938268423,0.0010628390591591597,-0.0009658976923674345
1783246395416230700,3.703230712890625,0.0013872062554582953,-0.004969078581780195,0.00030692247673869133
1783246395426242800,3.713242919921875,-0.00041096005588769913,0.002596429083496332,-0.0003450191579759121
1783246395436253700,3.723253662109375,-0.0006842711009085178,0.0019049227703362703,0.0011131498031318188
1783246395446265600,3.733265625,0.0006454451940953732,-0.003825933439657092,-0.00031457096338272095
1783246395456277000,3.743277099609375,0.0006755446083843708,-0.0009783180430531502,0.0008161859586834908
1783246395466289000,3.753288818359375,0.0010838073212653399,0.002312816446647048,0.0011751800775527954
1783246395476299800,3.7632998046875,0.000508239958435297,-0.0011267145164310932,-0.000056677963584661484
1783246395486311700,3.773311767578125,-0.00006700283847749233,-0.0022795971017330885,-0.00020714616402983665
1783246395496323800,3.78332373046875,0.002190475817769766,-0.002142830053344369,-0.0006707571446895599
1783246395506334700,3.793334716796875,0.0006801972631365061,0.003935568500310183,0.0013276790268719196
1783246395516346600,3.8033466796875,-0.0007681245915591717,0.0011680147144943476,0.000556175597012043
1783246395526358000,3.81335791015625,-0.0007340358570218086,-0.001844553044065833,-0.0002747303806245327
1783246395536370000,3.823369873046875,0.00131994450930506,-0.0016009621322154999,-0.000231059268116951
1783246395546381800,3.8333818359375,0.0007676049135625362,0.0029048402793705463,0.0015463344752788544
1783246395556392700,3.843392822265625,0.0015310667222365737,0.0023743018973618746,-0.0009079778101295233
1783246395566404900,3.85340478515625,-0.000935286981984973,-0.0036977052222937346,0.0005754027515649796
1783246395576420400,3.86342041015625,0.0011591908987611532,-0.0010277100373059511,0.0005761180073022842
1783246395586432300,3.873432373046875,-0.0008016945794224739,0.004050139337778091,0.0009803860448300838
1783246395596444200,3.883444091796875,0.0008120478596538305,0.00022894772700965405,-0.000342449638992548
1783246395606455000,3.893455078125,0.0003678326029330492,-0.0022778857965022326,-0.000018342863768339157
1783246395616467200,3.90346728515625,-0.00017469609156250954,0.0009679233189672232,0.0006186673417687416
1783246395626478000,3.91347802734375,-0.00047376914881169796,0.0019170738523826003,0.00047778617590665817
1783246395636490000,3.923489990234375,-0.0006169744301587343,-0.0008959867991507053,0.0006727813743054867
1783246395646501400,3.93350146484375,0.0005691973492503166,-0.0031636685598641634,-0.0004358924925327301
1783246395656513300,3.94351318359375,0.0009841020219027996,0.0021469835191965103,-0.000437301117926836
1783246395666525200,3.953525146484375,-0.00047957152128219604,0.0009600125486031175,0.0009888214990496635
1783246395676536000,3.9635361328125,0.0010954209137707949,-0.0020236503332853317,0.0007147123105823994
1783246395686548200,3.97354833984375,-0.0012801187112927437,-0.0007333487737923861,0.0006353501230478287
1783246395696559000,3.98355908203125,-0.0007714484818279743,0.001017441158182919,0.000998898409307003
1783246395706571000,3.993571044921875,-0.0004976752679795027,0.0016877587186172605,0.0009427056647837162
1783246395716583200,4.003583251953125,-0.001217609504237771,-0.00014531845226883888,0.00021800724789500237
1783246395726594300,4.01359423828125,0.000809322576969862,-0.0008446646388620138,0.0004505012184381485
1783246395736606200,4.023606201171875,-0.0008306289091706276,0.0006889901123940945,0.0004270179197192192
1783246395746617000,4.0336171875,-0.0006596541497856379,0.001726291375234723,-0.0003895070403814316
1783246395756629200,4.043629150390625,0.0006309458985924721,-0.0018222935032099485,-0.0005264841020107269
1783246395766640000,4.05364013671875,-0.0005909125320613384,0.00006881705485284328,0.0007169460877776146
1783246395776652000,4.063652099609375,-0.0004651721101254225,0.0027640205807983875,0.0002255667932331562
1783246395786664200,4.073664306640625,-0.0003466615453362465,0.00003641098737716675,-0.0009155976586043835
1783246395796675300,4.08367529296875,-0.0001389533281326294,-0.0005315232556313276,0.00004688836634159088
1783246395806687200,4.093687255859375,-0.00035493564791977406,-0.0000026193447411060333,0.0005515576340258121
1783246395816698400,4.103698486328125,0.00013497821055352688,0.002140536904335022,0.0005213017575442791
1783246395826710300,4.113710205078125,-0.001069569494575262,0.0003319841343909502,0.0002912045456469059
1783246395836722200,4.12372216796875,0.0007079539354890585,0.0001640233676880598,-0.0000422024168074131
1783246395846733000,4.133733154296875,0.00038517871871590614,0.000914502190425992,0.0008171997033059597
1783246395856745200,4.1437451171875,0.0001638820394873619,0.002126701408997178,0.00001581059768795967
1783246395866756000,4.153756103515625,-0.00031016068533062935,0.0005604962352663279,-0.00024917395785450935
1783246395876768000,4.16376806640625,-0.0004300451837480068,-0.0006494391709566116,0.0007535265758633614
1783246395886780200,4.1737802734375,-0.0001677239779382944,0.00020090816542506218,0.002171659842133522
1783246395896791300,4.183791259765625,0.000049739377573132515,0.0010817617876455188,0.0005726893432438374
1783246395906803200,4.19380322265625,0.0010998237412422895,-0.0005289181135594845,0.00005257409065961838
1783246395916814000,4.20381396484375,0.0001970352604985237,0.00009799515828490257,-0.0009089717641472816
1783246395926826200,4.213826171875,0.001195188146084547,0.0008226413046941161,0.0012452593073248863
1783246395936837000,4.223837158203125,-0.0003216243349015713,0.0013151814928278327,0.0005084271542727947
1783246395946849000,4.23384912109375,0.0021162333432585,-0.0007447735406458378,-0.0005126288160681725
1783246395956861200,4.243861083984375,0.0013166009448468685,-0.0010216913651674986,-0.0007142410613596439
1783246395966872300,4.253872314453125,0.0005541378632187843,-0.00008345954120159149,0.00037499191239476204
1783246395976884200,4.26388427734375,-0.0016528128180652857,0.00047977850772440434,0.0003913682885468006
1783246395986895000,4.27389501953125,0.0010585517156869173,-0.0011700496543198824,0.0010483702644705772
1783246395996907300,4.2839072265625,0.0005772982258349657,-0.0003172892611473799,-0.0002931556664407253
1783246396006919200,4.293919189453125,0.0007314952090382576,0.001250247354619205,0.0009350939653813839
1783246396016930000,4.303929931640625,0.0005468118470162153,-0.0010390693787485361,-0.0007596123032271862
1783246396026942200,4.313942138671875,0.00031485059298574924,-0.0016531941946595907,-0.0013162130489945412
1783246396036953000,4.323953125,0.0015153717249631882,-0.0003043601755052805,-0.0005256496369838715
1783246396046965200,4.33396533203125,0.00033665657974779606,0.000979017117060721,-0.000035361386835575104
1783246396056977200,4.34397705078125,0.001503610983490944,0.00019792374223470688,0.00005292566493153572
1783246396066988300,4.35398828125,0.0003491307143121958,-0.0007355143316090107,0.0010979501530528069
1783246396077000200,4.364000244140625,-0.0004626999143511057,-0.0013562690000981092,-0.0011222702451050282
1783246396087011000,4.374010986328125,0.0007746047340333462,0.0008038210216909647,0.00035232212394475937
1783246396097023200,4.384023193359375,-0.001772354356944561,-0.0001922238152474165,-0.0006275586783885956
1783246396107034000,4.3940341796875,0.0005829455330967903,-0.0008225941564887762,0.00026859529316425323
1783246396117046000,4.4040458984375,-0.0005253064446151257,-0.00013850396499037743,-0.0013913055881857872
1783246396127058200,4.41405810546875,-0.0013034818693995476,-0.00044689816422760487,0.0007200483232736588
1783246396137069300,4.4240693359375,-0.0006180121563374996,0.0011663089971989393,0.00029990170150995255
1783246396147081200,4.434081298828125,-0.0005221383180469275,0.0002411268651485443,-0.0003573661670088768
1783246396157092000,4.444092041015625,0.00027289241552352905,-0.0007906961254775524,-0.0001163543201982975
1783246396167104300,4.454104248046875,0.0014678528532385826,0.000367778935469687,0.0014453232288360596
1783246396177116200,4.4641162109375,0.00030948175117373466,0.0007249412592500448,0.00040087802335619926
1783246396187127000,4.474126953125,0.000008011935278773308,-0.0020982755813747644,-0.0018423027358949184
1783246396197139200,4.48413916015625,-0.0013826887588948011,0.00035381526686251163,-0.00021536601707339287
1783246396207150300,4.494150390625,-0.0007134363986551762,0.0004920333158224821,0.0006957012228667736
1783246396217162200,4.504162353515625,0.00011751707643270493,-0.0000470608938485384,0.0003866194747388363
1783246396227174400,4.51417431640625,0.0013747954508289695,0.0000898255966603756,0.0006625228561460972
1783246396237185300,4.524185302734375,0.00041219056583940983,-0.0011853971518576145,0.00003420049324631691
1783246396247197200,4.534197265625,0.00023216078989207745,0.0008995915995910764,0.000012362375855445862
1783246396257208000,4.5442080078125,-0.0006769560277462006,0.0006173637229949236,0.0009396001696586609
1783246396267220200,4.55422021484375,-0.00037202402018010616,0.000642663799226284,-0.0005179480649530888
1783246396277231000,4.564231201171875,0.0010620907414704561,-0.0005447966977953911,-0.0004011760465800762
1783246396287243000,4.574242919921875,0.0002785888500511646,0.0018363355193287134,-0.0004184865392744541
1783246396297255200,4.584255126953125,0.00008224230259656906,0.000022779451683163643,0.0009111333638429642
1783246396307266300,4.594266357421875,-0.0009305577259510756,0.0013940411154180765,0.0004147202707827091
1783246396317278200,4.6042783203125,0.0007049108389765024,0.001013362081721425,-0.0011112994980067015
1783246396327289000,4.6142890625,0.0008306119125336409,-0.0003874606918543577,0.0009012511000037193
1783246396337301200,4.62430126953125,-0.0013819527812302113,-0.00045019201934337616,0.00004297681152820587
1783246396347313200,4.634313232421875,-0.0005148276686668396,-0.00016017374582588673,0.0009156945161521435
1783246396357324000,4.644323974609375,-0.0010193162597715855,0.0012446749024093151,-0.00037480704486370087
1783246396367336200,4.654336181640625,-0.0005495345685631037,-0.0003593470901250839,-0.0004696156829595566
1783246396377347300,4.664347412109375,-0.0004508758429437876,-0.0006296574138104916,0.00007514934986829758
1783246396387359200,4.674359130859375,0.0006436833646148443,-0.00021234015002846718,-0.00025907764211297035
1783246396397370000,4.6843701171875,0.0009586324449628592,0.0006079090526327491,-0.00004595797508955002
1783246396407382300,4.69438232421875,0.0007679502014070749,0.0004992519970983267,0.00019798753783106804
1783246396417394200,4.704394287109375,0.0010311834048479795,0.0004897741600871086,0.0003869319334626198
1783246396427405000,4.714405029296875,0.0004013457801192999,0.0009406473254784942,0.0024013472720980644
1783246396437417200,4.724417236328125,0.0005917670205235481,0.001099650515243411,-0.0007116738706827164
1783246396447428400,4.734428466796875,0.0001582044642418623,-0.0003456468693912029,-0.000769464299082756
1783246396457440300,4.744440185546875,0.0014724627835676074,-0.00020920764654874802,0.00013932259753346443
1783246396467452200,4.7544521484375,0.0004953490570187569,0.001379634253680706,0.0001350613310933113
1783246396477463300,4.76446337890625,0.0002559171989560127,0.0006080426974222064,0.0010109758004546165
1783246396487475200,4.77447509765625,-0.0004937625490128994,0.001032017869874835,0.0002988465130329132
1783246396497486000,4.784486083984375,-0.0005008014850318432,0.00041565787978470325,0.00013995356857776642
1783246396507498200,4.794498291015625,-0.0003639149945229292,-0.0012818409595638514,-0.0015554146375507116
1783246396517509000,4.804509033203125,-0.0012531490065157413,-0.00004064943641424179,0.0007117530331015587
1783246396527521000,4.81452099609375,0.000032891519367694855,0.0007340642623603344,0.0008742059580981731
1783246396537533200,4.824533203125,-0.0025933939032256603,-0.0014500792603939772,0.0008675707504153252
1783246396547544300,4.83454443359375,0.00011930218897759914,0.0003446249756962061,0.0007751588709652424
1783246396557556200,4.84455615234375,-0.000461456598713994,-0.0001784211490303278,0.0019511906430125237
1783246396567567000,4.854567138671875,-0.0008087328169494867,0.0007699304260313511,0.0011130939237773418
1783246396577575200,4.8645751953125,0.000059809302911162376,-0.0005633137188851833,0.000123495701700449
1783246396587587300,4.87458740234375,-0.0009228968992829323,-0.00019446597434580326,-0.0008232579566538334
1783246396597598200,4.88459814453125,0.0009585595689713955,-0.000685795908793807,-0.000022518914192914963
1783246396607610000,4.894610107421875,0.00141902023460716,-0.0015273548197001219,0.0015351641923189163
1783246396617621200,4.904621337890625,-0.0010181767866015434,0.0020118404645472765,-0.0004160292446613312
1783246396627633400,4.91463330078125,-0.00018620514310896397,0.0009204769739881158,0.0004207361489534378
1783246396637645300,4.924645263671875,0.000325934961438179,-0.000783305149525404,-0.0008645756170153618
1783246396647656200,4.93465625,0.0010979853104799986,-0.00010499800555408001,0.0009003011509776115
1783246396657668400,4.94466845703125,0.00014631380327045918,0.001092547201551497,0.0003023291938006878
1783246396667679200,4.95467919921875,-0.000497105997055769,0.0008866848656907678,-0.0008345739915966988
1783246396677691100,4.964691162109375,0.00029889377765357494,-0.001226082444190979,0.0010381117463111877
1783246396687702300,4.974702392578125,0.000006745103746652603,-0.0005821301601827145,-0.00007002940401434898
1783246396697714400,4.98471435546875,-0.0008436467032879591,-0.0006472822278738022,-0.0004723500460386276
1783246396707726300,4.994726318359375,0.000041854334995150566,0.0005229106172919273,-0.00116370664909482
1783246396717737200,5.0047373046875,0.0013730714563280344,0.00037597829941660166,0.00000841217115521431
1783246396727749400,5.014749267578125,-0.001278371550142765,-0.000572107033804059,-0.0006011854857206345
1783246396737760300,5.02476025390625,-0.00003656581975519657,0.0015314531046897173,-0.0007261941209435463
1783246396747772200,5.034772216796875,0.0013607947621494532,0.0008416944183409214,-0.0004593450576066971
1783246396757784300,5.044784423828125,-0.00017223553732037544,0.0005680485628545284,0.00012573925778269768
1783246396767795200,5.054795166015625,0.00037158187478780746,-0.0009568776004016399,-0.0015682976227253675
1783246396777807400,5.064807373046875,0.0002110509667545557,0.0006409062771126628,-0.00015558628365397453
1783246396787818200,5.074818359375,-0.0002739105839282274,-0.00025791069492697716,-0.00030871806666254997
1783246396797830400,5.084830322265625,-0.0010008672252297401,0.0003958536544814706,-0.0002576536498963833
1783246396807842300,5.09484228515625,-0.00044000567868351936,-0.0006188107654452324,0.0011495607905089855
1783246396817853200,5.104853271484375,-0.0010488268453627825,0.00040860939770936966,-0.0008201634045690298
1783246396827865300,5.114865234375,-0.0005745177622884512,0.000002210959792137146,0.00032259896397590637
1783246396837876200,5.124876220703125,-0.00006697606295347214,0.0005507529713213444,-0.00013996800407767296
1783246396847888100,5.13488818359375,0.0007942903321236372,0.00009055878035724163,-0.00009815674275159836
1783246396857899300,5.144899169921875,-0.00031649856828153133,-0.0011120163835585117,-0.00027196668088436127
1783246396867911400,5.154911376953125,0.00042545818723738194,-0.001692319056019187,-0.0005004662089049816
1783246396877923300,5.16492333984375,0.001507307286374271,-0.00015692668966948986,-0.00010103685781359673
1783246396887934200,5.174934326171875,-0.0013603847473859787,0.0010955578181892633,-0.0007638977840542793
1783246396897946400,5.1849462890625,-0.0001838821917772293,0.0006392182549461722,-0.0004052347503602505
1783246396907957200,5.194957275390625,0.0017029674490913749,0.000414979993365705,0.0014134380035102367
1783246396917969200,5.20496923828125,0.0007325357291847467,-0.00013187085278332233,-0.000043797772377729416
1783246396927980300,5.214980224609375,-0.00030236877501010895,-0.0002463867422193289,0.0010768603533506393
1783246396937992400,5.224992431640625,0.0015012220246717334,-0.0009521821048110723,0.00035946909338235855
1783246396948004400,5.23500439453125,0.000017308630049228668,0.00034744059666991234,-0.000926837557926774
1783246396958015200,5.24501513671875,-0.0017499369569122791,-0.00011881720274686813,-0.00035645347088575363
1783246396968027400,5.25502734375,-0.0004335364792495966,-0.0003779428079724312,0.0004116022028028965
1783246396978038300,5.265038330078125,0.00033635227009654045,0.0018073193496093154,-0.0005245557986199856
1783246396988050200,5.27505029296875,0.0009451508522033691,0.0005812000017613173,0.0012861276045441628
1783246396998062300,5.285062255859375,0.0008993709925562143,0.00020533031783998013,-0.00012304401025176048
1783246397008073200,5.2950732421875,-0.0009198344778269529,0.00006125331856310368,-0.00014275126159191132
1783246397018085000,5.305085205078125,-0.00019551836885511875,-0.0007788429502397776,0.00001500127837061882
1783246397028096300,5.31509619140625,-0.0007923329249024391,0.00005286233499646187,-0.00045318249613046646
1783246397038108400,5.3251083984375,-0.0008735342416912317,-0.00007806997746229172,0.00027409661561250687
1783246397048120300,5.335120361328125,0.0006527232471853495,0.0003637485206127167,-0.001080919522792101
1783246397058131200,5.345131103515625,-0.0011161218862980604,0.0013947440311312675,-0.0017278522718697786
1783246397068143400,5.355143310546875,-0.0013432896230369806,0.00039818917866796255,-0.00024287356063723564
1783246397078154200,5.365154296875,-0.000398020725697279,0.0003301972756162286,-0.000245493371039629
1783246397088166100,5.375166259765625,-0.0005626040510833263,0.00022367085330188274,-0.00046120956540107727
1783246397098177300,5.38517724609375,0.0005985437892377377,0.0006538934540003538,-0.00043867528438568115
1783246397108189400,5.395189453125,-0.0004906891845166683,-0.00011815689504146576,0.000048150308430194855
1783246397118201300,5.405201416015625,-0.0017195765394717455,-0.0004793875850737095,-0.0002354099415242672
1783246397128212200,5.415212158203125,0.0005920473486185074,0.0007142412941902876,-0.0012708466965705156
1783246397138224400,5.425224365234375,0.000516846776008606,0.0005168828647583723,0.0007778936997056007
1783246397148235300,5.4352353515625,0.0006963438354432583,-0.0003108277451246977,-0.0012999044265598059
1783246397158247200,5.4452470703125,-0.0005932261701673269,-0.0004175649955868721,-0.00003119371831417084
1783246397168259300,5.45525927734375,-0.0008696620352566242,-0.001521178986877203,-0.00007486995309591293
1783246397178270500,5.4652705078125,0.00041169743053615093,0.0010202464181929827,0.000065595842897892
1783246397188282400,5.475282470703125,-0.00008524861186742783,-0.0011848509311676025,0.0003172643482685089
1783246397198293200,5.485293212890625,-0.0012033074162900448,-0.0003268166910856962,0.0005752313882112503
1783246397208305400,5.495305419921875,0.0004952566232532263,-0.0007462645880877972,0.000134211964905262
1783246397218317300,5.5053173828125,-0.0017870203591883183,0.002912928117439151,0.000845449510961771
1783246397228328200,5.515328125,0.0016559144714847207,-0.00308690732344985,0.0003658141940832138
1783246397238340400,5.52534033203125,-0.0004990764427930117,0.0012099931482225657,-0.0013101969379931688
1783246397248351200,5.535351318359375,-0.0008412925526499748,-0.0009082851465791464,0.0001241816207766533
1783246397258363100,5.545363037109375,-0.00036550569348037243,-0.0005780900828540325,0.00020940182730555534
1783246397268374300,5.555374267578125,-0.0006635135505348444,0.0010592213366180658,-0.0003115125000476837
1783246397278386400,5.565386474609375,0.0003126983065158129,-0.0016626534052193165,0.0014487039297819138
1783246397288398300,5.5753984375,0.00024425494484603405,0.0011901247780770063,-0.0005662436597049236
1783246397298409200,5.5854091796875,-0.0008322892244905233,0.001047212048433721,0.0017016390338540077
1783246397308421400,5.59542138671875,0.0007887769024819136,0.0005683756899088621,-0.0007330230437219143
1783246397318432300,5.605432373046875,-0.0007256167009472847,-0.0023108047898858786,0.0002009458839893341
1783246397328444200,5.615444091796875,-0.0002241434995085001,0.0023217638954520226,0.0008614095859229565
1783246397338456300,5.625456298828125,0.00052622240036726,0.0001657626125961542,-0.0007697492837905884
1783246397348467500,5.635467529296875,-0.00043677655048668385,0.00117030693218112,0.00014211703091859818
1783246397358479400,5.645479248046875,-0.0015768497250974178,-0.001665232703089714,0.00023346254602074623
1783246397368490200,5.655490234375,0.0004290433134883642,0.0030315183103084564,0.0015522600151598454
1783246397378502400,5.66550244140625,-0.0008983705192804337,-0.001004671212285757,-0.0005455794744193554
1783246397388513300,5.67551318359375,0.0005181645974516869,0.0003711177268996835,-0.000807102071121335
1783246397398525200,5.685525146484375,-0.0007529412396252155,-0.0007655457593500614,-0.000839051092043519
1783246397408537300,5.695537353515625,-0.0007100643124431372,3.792811185121536e-7,-0.0005903118290007114
1783246397418548200,5.70554833984375,-0.0009411883074790239,-0.000257289269939065,-0.0013817530125379562
1783246397428560400,5.715560302734375,-0.00026953895576298237,-0.000014675315469503403,-0.00048559950664639473
1783246397438571300,5.7255712890625,0.0004568491131067276,0.0008702022023499012,-0.0004052049480378628
1783246397448583400,5.73558349609375,-0.0005791205912828445,-0.0007849524263292551,0.001789772417396307
1783246397458595300,5.74559521484375,0.0005795811302959919,-0.0003364311996847391,-0.0003662244416773319
1783246397468606200,5.755606201171875,-0.00009845965541899204,-0.0018986414652317762,-0.0011657052673399448
1783246397478618400,5.765618408203125,-0.00005067046731710434,0.0005289416294544935,0.00010291580110788345
1783246397488629200,5.775629150390625,0.00015945290215313435,-0.0008551031351089478,0.0003457963466644287
1783246397498641200,5.78564111328125,0.0015958539443090558,0.0003757127560675144,-0.001291091786697507
1783246397508653000,5.795653076171875,0.00007838476449251175,-0.0017412339802831411,-0.001461534295231104
1783246397518664400,5.80566455078125,0.0013410999672487378,0.0009337377268821001,-0.00033081555739045143
1783246397528676400,5.81567626953125,-0.0020187441259622574,0.0007470501586794853,0.00007904507219791412
1783246397538687200,5.825687255859375,0.0010551754385232925,-0.0009192281868308783,-0.0010584236588329077
1783246397548699400,5.835699462890625,-0.0005179536528885365,-0.0020598601549863815,0.0005746264941990376
1783246397558710300,5.845710205078125,-0.0005795028991997242,0.0023252740502357483,-0.00016105594113469124
1783246397568721400,5.855721435546875,0.0006394258234649897,0.0014903729315847158,-0.000026300083845853806
1783246397578733600,5.865733642578125,-0.0008470853790640831,-0.0002865137066692114,0.0011666221544146538
1783246397588744700,5.87574462890625,-0.000733368331566453,-0.0011413884349167347,0.0007498376071453094
1783246397598756600,5.885756591796875,0.0009797695092856884,0.0005774192977696657,0.0003699008375406265
1783246397608767500,5.895767578125,-0.0006130670662969351,-0.00033231661655008793,0.0017273137345910072
1783246397618779600,5.905779541015625,0.0004973376635462046,-0.001013054046779871,-0.00005426723510026932
1783246397628791600,5.91579150390625,-0.000022244872525334358,-0.00021676905453205109,-0.0009634706657379866
1783246397638802400,5.925802490234375,-0.00020067114382982254,-0.0010142694227397442,0.0009322254918515682
1783246397648814600,5.935814697265625,-0.00025393441319465637,-0.0011231924872845411,-0.000995903043076396
1783246397658825700,5.94582568359375,0.0009098718874156475,-0.000049123307690024376,0.00019176863133907318
1783246397668837600,5.955837646484375,-0.0003814948722720146,-0.001336229033768177,-0.0006671007722616196
1783246397678848500,5.9658486328125,0.00011784536764025688,0.00016483536455780268,0.0006136964075267315
1783246397688860700,5.975860595703125,0.000886167399585247,-0.0001070734579116106,-0.0011692896950989962
1783246397698872600,5.98587255859375,0.0010623750276863575,0.000673810369335115,0.0003723371773958206
1783246397708883500,5.995883544921875,0.000251176068559289,0.0005630229134112597,0.0009979135356843472
1783246397718895600,6.0058955078125,0.0003818855620920658,0.00009676860645413399,-0.00032042246311903
1783246397728906800,6.01590673828125,0.0008719072211533785,0.0009846665197983384,-0.00022694561630487442
1783246397738918700,6.025918701171875,-0.00004772096872329712,-0.00021010637283325195,0.0007339152507483959
1783246397748930600,6.0359306640625,-0.0009843548759818077,-0.0009422092698514462,-0.00024000275880098343
1783246397758941700,6.045941650390625,-0.00023795105516910553,-0.0009912052191793919,-0.0007402193732559681
1783246397768953600,6.05595361328125,-0.0004049311392009258,0.00004769396036863327,-0.001417727442458272
1783246397778964500,6.065964599609375,-0.0004205917939543724,-0.0012959286104887724,0.0004809345118701458
1783246397788976600,6.0759765625,0.0011112585198134184,0.0001190089387819171,0.0004409872926771641
1783246397798988500,6.085988525390625,-0.0008047402370721102,0.001023386954329908,0.0001610121689736843
1783246397808999400,6.09599951171875,-0.0010441583581268787,0.00009287847205996513,0.00010268902406096458
1783246397819011600,6.106011474609375,-0.00008101551793515682,-0.000043209875002503395,-0.00042962096631526947
1783246397829022700,6.116022705078125,-0.0004892779979854822,0.00025959149934351444,0.0005288505926728249
1783246397839034600,6.12603466796875,-0.0010508212726563215,0.00010065652895718813,-0.001007315469905734
1783246397849045500,6.13604541015625,-0.0006782449781894684,0.0007797625148668885,0.0008734087459743023
1783246397859057700,6.1460576171875,-0.0006970425602048635,0.0004430590197443962,-0.0010042667854577303
1783246397869069600,6.156069580078125,0.0005794106982648373,0.000510703306645155,-0.0003999955952167511
1783246397879080400,6.16608056640625,0.00012619327753782272,0.00018462224397808313,0.0007449360564351082
1783246397889092600,6.176092529296875,0.00015389034524559975,0.00035399931948632,-0.00027052732184529305
1783246397899103700,6.186103759765625,-0.0010435620788484812,-0.0010266243480145931,-0.0005457643419504166
1783246397909115600,6.19611572265625,0.0010606013238430023,-0.0008620410226285458,-0.0008608163334429264
1783246397919126500,6.20612646484375,-0.00006394786760210991,0.00005594734102487564,-0.0006574890576303005
1783246397929138700,6.216138671875,0.0009288785513490438,-0.0008212977554649115,-0.0001877075992524624
1783246397939150600,6.226150634765625,0.0007151893805712461,-0.0018270087894052267,0.0006820196285843849
1783246397949161500,6.236161376953125,-0.0002944150473922491,0.00027023046277463436,0.0006212997250258923
1783246397959173600,6.246173583984375,-0.000026037683710455894,-0.0007183137349784374,0.0008066915906965733
1783246397969184500,6.2561845703125,0.0004282975569367409,-0.0007031338755041361,-0.0007222290150821209
1783246397979196700,6.26619677734375,-0.0010447665117681026,0.0003218898782506585,-0.0002984069287776947
1783246397989208600,6.27620849609375,0.00037656258791685104,-0.00008424208499491215,0.00029867375269532204
1783246397999219700,6.2862197265625,-0.0007417155429720879,0.0009441679576411843,-0.00009445846080780029
1783246398009231600,6.296231689453125,-0.0010804696939885616,-0.0012803704012185335,0.0009327228181064129
1783246398019242500,6.306242431640625,-0.0018455286044627428,0.00007357820868492126,0.00034527387470006943
1783246398029254700,6.316254638671875,-0.0014785451348870993,0.0007433631690219045,0.00006937049329280853
1783246398039266600,6.3262666015625,0.00032220780849456787,0.0004630828043445945,-0.0002506575547158718
1783246398049277400,6.33627734375,0.001402918598614633,0.00039756903424859047,0.0002779797650873661
1783246398059289300,6.346289306640625,-0.0002782216761261225,-0.0009392299689352512,0.00006675068289041519
1783246398069300700,6.35630078125,-0.001207931200042367,-0.0005970138590782881,0.00009045284241437912
1783246398079312600,6.366312744140625,-0.000060776714235544205,-0.0008047954179346561,-0.0008264794014394283
1783246398089323500,6.376323486328125,0.000424983911216259,0.00024449010379612446,0.000670483335852623
1783246398099335700,6.386335693359375,-0.000708375358954072,0.0001295169349759817,0.000805373303592205
1783246398109347600,6.39634765625,0.00006101187318563461,0.0009138179011642933,-0.0005736113525927067
1783246398119358500,6.4063583984375,-0.00047734356485307217,0.00008002063259482384,-0.00009894976392388344
1783246398129370600,6.41637060546875,0.0014473230112344027,0.00013594701886177063,0.0009162472561001778
1783246398139381800,6.4263818359375,0.001250994740985334,-0.00029564579017460346,0.001065294723957777
1783246398149393700,6.4363935546875,-0.00021134689450263977,-0.00029777642339468,0.001022950280457735
1783246398159405600,6.446405517578125,-0.0002967675682157278,-0.0000010882504284381866,-0.00042708544060587883
1783246398169416700,6.456416748046875,-0.0002546897158026695,-0.00017472635954618454,-0.001688891090452671
1783246398179428600,6.4664287109375,0.0005456602666527033,-0.0012582973577082157,0.000757190864533186
1783246398189439500,6.476439453125,-0.0004314535763114691,0.0016069976845756173,-0.0005578780546784401
1783246398199451600,6.48645166015625,-0.0009818959515541792,0.001178187783807516,0.00034437375143170357
1783246398209462500,6.496462646484375,-0.0006932090036571026,0.0006455555558204651,0.0007798005826771259
1783246398219474400,6.506474365234375,0.0005885621067136526,0.001290409592911601,-0.0009010841604322195
1783246398229486600,6.516486572265625,-0.00024340953677892685,-0.0014121662825345993,0.00032370351254940033
1783246398239497700,6.526497802734375,0.0003565903753042221,0.0001772325485944748,-0.000512959435582161
1783246398249509600,6.536509521484375,-0.0003036072012037039,0.0004595275968313217,0.0004159510135650635
1783246398259520500,6.5465205078125,-0.0003410917706787586,-0.000057765282690525055,-0.00016974564641714096
1783246398269532700,6.55653271484375,-0.000002603977918624878,0.0006820608396083117,-0.00012553716078400612
1783246398279544600,6.566544677734375,-0.00046478048898279667,-0.0010187597945332527,0.0009818440303206444
1783246398289555500,6.576555419921875,0.00045081437565386295,-0.0005590980872511864,0.0003599962219595909
1783246398299567400,6.5865673828125,-0.0016746933106333017,0.0005141969304531813,-0.0031398488208651543
1783246398309578800,6.596578857421875,-0.0012776160147041082,0.00002417527139186859,-0.0007717658299952745
1783246398319590700,6.606590576171875,-0.0005324378143996,-0.0006904255133122206,0.0004884358495473862
1783246398329601500,6.6166015625,0.00019380636513233185,0.0004470106214284897,0.00020534172654151917
1783246398339613700,6.62661376953125,-0.001054529333487153,0.00027409137692302465,0.00005999952554702759
1783246398349625600,6.63662548828125,0.00045388517901301384,0.0013236431404948235,0.00022831140086054802
1783246398359636500,6.646636474609375,-0.001230793772265315,-0.00038091582246124744,-0.001855204813182354
1783246398369648400,6.6566484375,-0.0006659370847046375,0.000420429278165102,0.0011640209704637527
1783246398379659800,6.66665966796875,-0.0011202157475054264,0.000640308833681047,-0.0002344287931919098
1783246398389671700,6.676671630859375,0.0005660976748913527,-0.000513905193656683,-0.0003902236931025982
1783246398399683600,6.68668359375,-0.0009162328206002712,-0.000662877457216382,0.0011353190056979656
1783246398409694700,6.69669482421875,0.00017859251238405704,-0.0012679474893957376,-0.0007398123852908611
1783246398419706600,6.70670654296875,0.0018066662596538663,0.0010016984306275845,-0.001664901850745082
1783246398429717500,6.716717529296875,-0.00011373916640877724,0.00006346683949232101,-0.0013570403680205345
1783246398439729400,6.7267294921875,0.0022081334609538317,0.000008721137419342995,0.000638958066701889
1783246398449741600,6.736741455078125,0.0002903910353779793,0.00016105396207422018,0.0005534705705940723
1783246398459752400,6.74675244140625,-0.0007570576854050159,0.0013570931041613221,0.0008938014507293701
1783246398469764400,6.756764404296875,-0.00012642121873795986,-0.0009409484919160604,-0.001268685096874833
1783246398479775700,6.766775634765625,-0.002242062008008361,0.0003669197903946042,0.0017033503390848637
1783246398489787600,6.77678759765625,-0.0010484333615750074,0.0005421558162197471,0.0005203746259212494
1783246398499798500,6.786798583984375,-0.0010749846696853638,-0.0005015681963413954,0.00014376547187566757
1783246398509810700,6.796810791015625,-0.00038203014992177486,0.00005476619116961956,0.00018557719886302948
1783246398519822600,6.806822509765625,-0.00046042585745453835,0.00020912487525492907,-0.00005046650767326355
1783246398529833500,6.81683349609375,-0.0007160892710089684,0.0003500060411170125,0.0010571423918008804
1783246398539845400,6.826845458984375,0.0011771819554269314,-0.00013793585821986198,0.0009416081011295319
1783246398549856800,6.836856689453125,-0.0006167232058942318,-0.0014820334035903215,-0.0004221969284117222
1783246398559868700,6.84686865234375,-0.0013526373077183962,-0.0010360891465097666,0.0000695791095495224
1783246398569880000,6.856880126953125,0.0001496518962085247,0.00019429135136306286,-0.000007119961082935333
1783246398579892000,6.86689208984375,0.00017015100456774235,-0.0005694862920790911,0.0010254699736833572
1783246398589904000,6.87690380859375,-0.0008996408432722092,-0.0007511137519031763,-0.001937829190865159
1783246398599914800,6.886914794921875,-0.0011805456597357988,-0.00038891262374818325,0.0003049601800739765
1783246398609927000,6.896927001953125,-0.0007376617286354303,-0.0001873113214969635,0.00003731250762939453
1783246398619937800,6.906937744140625,-0.0002919717226177454,-0.00003781355917453766,-0.0003647124394774437
1783246398629949700,6.91694970703125,0.00007048435509204865,0.0004862966015934944,0.000019848346710205078
1783246398639961900,6.9269619140625,0.0005721347406506538,-0.0005426537245512009,0.00040170783177018166
1783246398649973000,6.936972900390625,-0.0011754317674785852,-0.00034531368874013424,0.0003002411685883999
1783246398659985000,6.94698486328125,0.0006938220467418432,0.00046389526687562466,-0.0006153457798063755
1783246398669995800,6.956995849609375,0.0001702446024864912,-0.0009614285081624985,0.0005934629589319229
1783246398680008000,6.967008056640625,-0.0004296661354601383,0.0006372948409989476,-0.00011161621659994125
1783246398690018800,6.977018798828125,-0.00027946382761001587,0.0007861655903980136,-0.00024690479040145874
1783246398700030700,6.98703076171875,0.0004948002751916647,-0.0011840842198580503,0.00039703771471977234
1783246398710043000,6.99704296875,0.00004765554331243038,-0.0006850077770650387,-0.00009032059460878372
1783246398720054000,7.007053955078125,0.0016366870841011405,0.00025216222275048494,0.0005277483724057674
1783246398730066000,7.01706591796875,0.000924291554838419,-0.00009378232061862946,0.0005282806232571602
1783246398740077000,7.0270771484375,-0.002058562356978655,-0.0004743100143969059,0.0007659620605409145
1783246398750089000,7.0370888671875,0.0011974183144047856,0.0005973459919914603,-0.0002242010086774826
1783246398760100900,7.047100830078125,-0.000495776766911149,0.00009536556899547577,0.0010350611992180347
1783246398770111700,7.05711181640625,0.0006384635344147682,-0.0009493925608694553,0.0009964453056454659
1783246398780124000,7.0671240234375,-0.0001261378638446331,-0.00022235093638300896,0.0008084760047495365
1783246398790134800,7.077134765625,-0.0007213542703539133,0.0007278650300577283,-0.000022962689399719238
1783246398800147000,7.08714697265625,-0.0002358283381909132,0.00010852259583771229,-0.00005506351590156555
1783246398810158000,7.097157958984375,0.0011801745276898146,0.00026218697894364595,0.00010472629219293594
1783246398820170000,7.107169921875,-0.0006530543323606253,0.0014975841622799635,0.00020499853417277336
1783246398830182000,7.117181884765625,0.00004043267108500004,0.0004720008000731468,-0.00011351564899086952
1783246398840192800,7.12719287109375,-0.0009038569405674934,0.00032699573785066605,-0.00027396390214562416
1783246398850205000,7.137204833984375,0.00037845480255782604,0.0010164881823584437,0.0011987644247710705
1783246398860215800,7.1472158203125,-0.0011987285688519478,-0.000882037915289402,0.0001610410399734974
1783246398870227700,7.157227783203125,0.00014137406833469868,0.0002482077106833458,-0.0012578913010656834
1783246398880239900,7.167239990234375,-0.00025196652859449387,0.0006237534107640386,0.00014035217463970184
1783246398890251000,7.1772509765625,0.0005576345138251781,0.0005909965839236975,-0.0008873615879565477
1783246398900263000,7.187262939453125,0.0014205534243956208,0.00003051944077014923,-0.0011829121503978968
1783246398910273800,7.197273681640625,0.0008325274102389812,-0.00017028278671205044,0.00011910730972886086
1783246398920286000,7.207285888671875,0.0011672871187329292,0.0009963567135855556,-0.0013294168747961521
1783246398930297900,7.2172978515625,0.0004279934801161289,0.0003097938606515527,-0.00029424624517560005
1783246398940308700,7.227308837890625,-0.0006011431105434895,-0.0000825398601591587,-0.0002661850303411484
1783246398950321000,7.23732080078125,0.0005016718059778214,0.0004785881610587239,-0.0001024007797241211
1783246398960332000,7.24733203125,0.0004834362771362066,0.00035342772025614977,-0.00027608731761574745
1783246398970344000,7.257343994140625,0.00032977177761495113,-0.000008762115612626076,-0.00023454194888472557
1783246398980354800,7.267354736328125,0.00025103730149567127,0.0004017606843262911,0.00016027549281716347
1783246398990367000,7.277366943359375,-0.0004688152112066746,0.00032159953843802214,-0.00042641907930374146
1783246399000379000,7.28737890625,0.0004583972040563822,0.0007482427172362804,0.00008301017805933952
1783246399010389800,7.2973896484375,0.0005934194196015596,0.0005716751329600811,-0.00021979119628667831
1783246399020402000,7.30740185546875,0.000040763989090919495,0.00001936592161655426,0.001848749816417694
1783246399030412800,7.317412841796875,-0.000782685587182641,-0.00007917103357613087,0.00019386131316423416
1783246399040424700,7.3274248046875,0.0003165188245475292,-0.0005754863377660513,0.00009412551298737526
1783246399050436000,7.33743603515625,-0.0007705835159868002,0.0013723495649173856,0.00031623290851712227
1783246399060448000,7.347447998046875,-0.000060563674196600914,0.0015783279668539762,-0.0012871753424406052
1783246399070460000,7.3574599609375,-0.000005170004442334175,-0.0010329014621675014,-0.0000493382103741169
1783246399080470800,7.367470703125,-0.00023122713901102543,-0.00018507800996303558,-0.0006264667026698589
1783246399090483000,7.37748291015625,-0.0016128749120980501,0.0008966980967670679,0.00020736921578645706
1783246399100493800,7.387493896484375,0.0012276503257453442,0.000022816704586148262,-0.0003862637095153332
1783246399110505700,7.397505615234375,-0.00017503672279417515,0.0004992561880499125,-0.0007753514219075441
1783246399120518000,7.407517822265625,-0.0008618051651865244,0.0007839095778763294,0.00013380032032728195
1783246399130529000,7.417529052734375,-0.00007457472383975983,0.00017537735402584076,-0.00019270321354269981
1783246399140541000,7.427541015625,0.0010155534837394953,0.0005896135699003935,-0.0006054709665477276
1783246399150551800,7.4375517578125,-0.0006880706641823053,-0.0013712719082832336,-0.00020067067816853523
1783246399160564000,7.44756396484375,-0.0005680439062416553,-0.0010712372604757547,0.00036528101190924644
1783246399170574800,7.457574951171875,-0.000357920303940773,-0.0005748241674154997,0.00043239258229732513
1783246399180586800,7.467586669921875,0.00014606444165110588,-0.0014705376233905554,-0.00008047511801123619
1783246399190599000,7.477598876953125,-0.0004944258835166693,-0.0010843791533261538,-0.0000775456428527832
1783246399200610000,7.487610107421875,0.0012645554961636662,-0.0005462158005684614,-0.00055703055113554
1783246399210622000,7.4976220703125,0.0004464325029402971,0.00021331780590116978,-0.00013518612831830978
1783246399220632800,7.5076328125,0.000407869229093194,-0.0007304809987545013,-0.00002437131479382515
1783246399230645000,7.51764501953125,0.0013580849627032876,-0.0005941272247582674,-0.0014302539639174938
1783246399240657000,7.527656982421875,-0.00000793440267443657,-0.00005272706039249897,0.0006321207620203495
1783246399250667800,7.537667724609375,-0.0006036835256963968,-0.00044048321433365345,-0.0002986541949212551
1783246399260680000,7.547679931640625,0.00012664776295423508,0.00011399085633456707,0.0018660388886928558
1783246399270690800,7.55769091796875,0.00004755193367600441,0.00014674768317490816,-0.0007393313571810722
1783246399280702700,7.56770263671875,-0.0014879470691084862,0.0009231489384546876,-0.0006299316883087158
1783246399290713900,7.5777138671875,-0.001240805722773075,0.0007441844791173935,-0.0008592300582677126
1783246399300726000,7.58772607421875,-0.00054701860062778,0.0002631588140502572,-0.000008485745638608932
1783246399310738000,7.597738037109375,-0.0009600748308002949,-0.0005608233623206615,0.0004620947875082493
1783246399320748800,7.607748779296875,-0.0017751781269907951,0.0007003293139860034,-0.00011907750740647316
1783246399330761000,7.617760986328125,0.00034123589284718037,-0.0013154172338545322,-0.0017310886178165674
1783246399340771800,7.627771728515625,0.00025022029876708984,0.0014317904133349657,0.00006189243867993355
1783246399350783700,7.63778369140625,0.0012409163173288107,-0.0008633218239992857,0.0006943931803107262
1783246399360796000,7.6477958984375,0.000026662368327379227,0.0010384888155385852,-0.00015253480523824692
1783246399370807000,7.65780712890625,0.0010812741238623857,-0.0006805816665291786,-0.000624446664005518
1783246399380819000,7.66781884765625,-0.0005136714316904545,-0.00020494195632636547,0.00018000369891524315
1783246399390829800,7.677829833984375,-0.00010780571028590202,0.000029416289180517197,0.00026043131947517395
1783246399400842000,7.687842041015625,0.0008102587889879942,0.0009060008451342583,0.0003097536973655224
1783246399410852900,7.697852783203125,0.0010400896426290274,0.00006151245906949043,-0.0016969379503279924
1783246399420864800,7.70786474609375,0.0008257618173956871,-0.0005051682237535715,-0.0007108794525265694
1783246399430877000,7.717876953125,0.0002587749622762203,0.0002519683912396431,-0.001298638992011547
1783246399440887800,7.7278876953125,0.0012174135772511363,0.00101841043215245,-0.00027142325416207314
1783246399450899700,7.737899658203125,-0.00014319526962935925,0.001100968336686492,-0.0005899369716644287
1783246399460910800,7.747910888671875,-0.00151788629591465,0.0009825696470215917,-0.0007226436864584684
1783246399470923000,7.757923095703125,-0.0016366634517908096,-0.0015090839006006718,0.0002374257892370224
1783246399480935000,7.767934814453125,-0.0007594132330268621,0.0005129949422553182,0.000440170057117939
1783246399490945800,7.77794580078125,-0.00007844297215342522,0.00048156967386603355,-0.0006519921589642763
1783246399500958000,7.7879580078125,0.0005270838737487793,-0.001846066676080227,-0.001223414670675993
1783246399510968800,7.79796875,0.000022680964320898056,-0.0013254187069833279,-0.0002004946582019329
1783246399520980700,7.807980712890625,-0.0007097425404936075,-0.0010798301082104445,-0.0003168480470776558
1783246399530991900,7.817991943359375,-0.003307922277599573,0.046503935009241104,0.03529440984129906
1783246399541004000,7.828004150390625,-0.003496956778690219,0.07380609214305878,0.0022256746888160706
1783246399551016000,7.838015869140625,0.004175876267254353,-0.08710742741823196,-0.005138231907039881
1783246399561026800,7.84802685546875,-0.0002441804390400648,0.0321754552423954,0.006295116152614355
1783246399571038700,7.858038818359375,-0.001259377459064126,0.04986097291111946,0.008998224511742592
1783246399581049600,7.868049560546875,0.0031837974674999714,-0.0396445170044899,-0.003886548336595297
1783246399591061500,7.8780615234375,-0.0005464924033731222,0.0010475210146978498,-0.0042700436897575855
1783246399601073700,7.88807373046875,-0.0005188386421650648,-0.00008411821909248829,-0.00572725897654891
1783246399611084800,7.898084716796875,0.002619430422782898,-0.03064681962132454,-0.01227304246276617
1783246399621096700,7.9080966796875,0.0011856327764689922,-0.01360328309237957,-0.00808455515652895
1783246399631107800,7.91810791015625,0.002047431655228138,-0.0267206821590662,-0.0039590527303516865
1783246399641119700,7.92811962890625,-0.00031069410033524036,0.00003462354652583599,0.0016592852771282196
1783246399651130600,7.938130615234375,0.0007625599391758442,0.0072115762159228325,-0.0002592559903860092
